[
  {
    "name": "Golden Sword Resort",
    "description": "Golden Sword Resort",
    "location": "London",
    "rating": 3.8
  },
  {
    "name": "Private Fjord Hotel & Spa",
    "description": "Private Fjord Hotel & Spa",
    "location": "London",
    "rating": 4.1
  },
  {
    "name": "Scarlet Grotto Hotel",
    "description": "Scarlet Grotto Hotel",
    "location": "London",
    "rating": 3.1
  },
  {
    "name": "Mellow Nimbus Resort",
    "description": "Mellow Nimbus Resort",
    "location": "New York",
    "rating": 2.5
  },
  {
    "name": "Emerald Brook Hotel",
    "description": "Emerald Brook Hotel",
    "location": "New York",
    "rating": 4.3
  },
  {
    "name": "Ivory Plaza Resort & Spa",
    "description": "Ivory Plaza Resort & Spa",
    "location": "New York",
    "rating": 4.2
  },
  {
    "name": "Exalted Dune Hotel & Spa",
    "description": "Exalted Dune Hotel & Spa",
    "location": "New York",
    "rating": 4.0
  },
  {
    "name": "Cerulean Garden Hotel",
    "description": "Cerulean Garden Hotel",
    "location": "Dallas",
    "rating": 4.9
  },
  {
    "name": "Northern Keep Motel",
    "description": "Northern Keep Motel",
    "location": "Dallas",
    "rating": 3.1
  },
  {
    "name": "Royal Palms Resort & Spa",
    "description": "Royal Palms Resort & Spa",
    "location": "Dallas",
    "rating": 5.0
  },
  {
    "name": "Scarlet House Motel",
    "description": "Scarlet House Motel",
    "location": "Dallas",
    "rating": 1.4
  },
  {
    "name": "Aquamarine Mill Resort",
    "description": "Aquamarine Mill Resort",
    "location": "Barbados",
    "rating": 3.5
  },
  {
    "name": "Private Woodland Hotel",
    "description": "Private Woodland Hotel",
    "location": "Barbados",
    "rating": 4.8
  },
  {
    "name": "Peaceful Seashore Hotel",
    "description": "Peaceful Seashore Hotel",
    "location": "Barbados",
    "rating": 3.1
  },
  {
    "name": "Sunny Grotto Hotel",
    "description": "Sunny Grotto Hotel",
    "location": "Miami",
    "rating": 2.0
  },
  {
    "name": "Obsidian Sierra Resort",
    "description": "Obsidian Sierra Resort",
    "location": "Miami",
    "rating": 4.0
  },
  {
    "name": "White Bear Hotel",
    "description": "White Bear Hotel",
    "location": "Miami",
    "rating": 3.7
  },
  {
    "name": "Winter Willow Motel",
    "description": "Winter Willow Motel",
    "location": "Miami",
    "rating": 2.6
  },
  {
    "name": "Mellow Mantle Hotel",
    "description": "Mellow Mantle Hotel",
    "location": "Tel Aviv",
    "rating": 4.5
  },
  {
    "name": "Golden River Resort",
    "description": "Golden River Resort",
    "location": "Tel Aviv",
    "rating": 3.8
  }

]